"Variable","N","Mean","SD","N","Mean","SD"
"IsUseful","0","","","1","",""
"Id","452","15154.296","7141.398","3548","14157.239","7257.264"
"TFIDF_approach","452","0.002","0.009","3548","0.003","0.012"
"TFIDF_design","452","0.007","0.02","3548","0.007","0.018"
"TFIDF_web","452","0.006","0.019","3548","0.005","0.014"
"TFIDF_site","452","0.006","0.019","3548","0.007","0.021"
"TFIDF_run","452","0.001","0.008","3548","0.001","0.008"
"TFIDF_mobil","452","0.004","0.019","3548","0.003","0.014"
"TFIDF_browser","452","0.003","0.018","3548","0.002","0.011"
"TFIDF_target","452","0.001","0.008","3548","0.001","0.009"
"TFIDF_base","452","0.002","0.012","3548","0.002","0.009"
"TFIDF_delet","452","0.001","0.011","3548","0.001","0.012"
"TFIDF_question","452","0.004","0.012","3548","0.004","0.011"
"TFIDF_move","452","0.002","0.008","3548","0.001","0.009"
"TFIDF_appli","452","0.003","0.019","3548","0.001","0.007"
"TFIDF_fix","452","0.001","0.01","3548","0.001","0.006"
"TFIDF_caus","452","0.001","0.004","3548","0.001","0.005"
"TFIDF_perform","452","0.001","0.005","3548","0.001","0.008"
"TFIDF_hard","452","0.001","0.009","3548","0.001","0.007"
"TFIDF_result","452","0.002","0.013","3548","0.003","0.015"
"TFIDF_initi","452","0.001","0.007","3548","0.001","0.007"
"TFIDF_load","452","0.002","0.011","3548","0.001","0.01"
"TFIDF_progress","452","0.001","0.013","3548","0.001","0.011"
"TFIDF_edit","452","0.003","0.014","3548","0.003","0.014"
"TFIDF_below","452","0.002","0.009","3548","0.002","0.009"
"TFIDF_exampl","452","0.006","0.015","3548","0.005","0.013"
"TFIDF_usag","452","0.001","0.005","3548","0.001","0.009"
"TFIDF_look","452","0.007","0.016","3548","0.005","0.013"
"TFIDF_valid","452","0.001","0.006","3548","0.001","0.01"
"TFIDF_try","452","0.002","0.008","3548","0.002","0.008"
"TFIDF_us","452","0.004","0.011","3548","0.004","0.012"
"TFIDF_issu","452","0.001","0.006","3548","0.002","0.007"
"TFIDF_file","452","0.002","0.015","3548","0.002","0.013"
"TFIDF_manag","452","0.002","0.009","3548","0.002","0.009"
"TFIDF_user","452","0.011","0.014","3548","0.011","0.014"
"TFIDF_chang","452","0.003","0.011","3548","0.003","0.011"
"TFIDF_text","452","0.004","0.016","3548","0.004","0.017"
"TFIDF_program","452","0.001","0.007","3548","0.001","0.01"
"TFIDF_current","452","0.002","0.008","3548","0.003","0.009"
"TFIDF_dropdown","452","0.001","0.008","3548","0.001","0.012"
"TFIDF_control","452","0.003","0.013","3548","0.003","0.014"
"TFIDF_color","452","0.002","0.014","3548","0.003","0.02"
"TFIDF_white","452","0","0.004","3548","0.001","0.007"
"TFIDF_provid","452","0.002","0.008","3548","0.002","0.01"
"TFIDF_option","452","0.004","0.013","3548","0.004","0.014"
"TFIDF_custom","452","0.002","0.01","3548","0.002","0.012"
"TFIDF_font","452","0.002","0.021","3548","0.002","0.02"
"TFIDF_complic","452","0","0.003","3548","0.001","0.005"
"TFIDF_tri","452","0.001","0.007","3548","0.001","0.008"
"TFIDF_applic","452","0.006","0.018","3548","0.006","0.016"
"TFIDF_havent","452","0","0.004","3548","0.001","0.006"
"TFIDF_countri","452","0","0.006","3548","0.001","0.011"
"TFIDF_list","452","0.006","0.023","3548","0.005","0.016"
"TFIDF_top","452","0.003","0.013","3548","0.003","0.011"
"TFIDF_normal","452","0.001","0.01","3548","0.001","0.007"
"TFIDF_read","452","0.002","0.011","3548","0.003","0.012"
"TFIDF_reason","452","0.001","0.008","3548","0.002","0.013"
"TFIDF_easier","452","0.001","0.007","3548","0.001","0.008"
"TFIDF_pick","452","0","0.003","3548","0.001","0.01"
"TFIDF_instead","452","0.001","0.006","3548","0.001","0.007"
"TFIDF_scroll","452","0.001","0.008","3548","0.002","0.014"
"TFIDF_consid","452","0.002","0.008","3548","0.002","0.01"
"TFIDF_featur","452","0.002","0.008","3548","0.002","0.01"
"TFIDF_stop","452","0","0","3548","0.001","0.005"
"TFIDF_shop","452","0.001","0.015","3548","0.001","0.01"
"TFIDF_drop","452","0.002","0.019","3548","0.001","0.009"
"TFIDF_intuit","452","0.001","0.013","3548","0.001","0.01"
"TFIDF_person","452","0.002","0.012","3548","0.002","0.009"
"TFIDF_dont","452","0.003","0.009","3548","0.004","0.01"
"TFIDF_inform","452","0.002","0.008","3548","0.003","0.012"
"TFIDF_form","452","0.006","0.02","3548","0.005","0.018"
"TFIDF_decid","452","0.001","0.007","3548","0.001","0.008"
"TFIDF_field","452","0.003","0.016","3548","0.005","0.019"
"TFIDF_plu","452","0","0.001","3548","0","0.004"
"TFIDF_cancel","452","0.003","0.023","3548","0.001","0.011"
"TFIDF_suggest","452","0.003","0.011","3548","0.003","0.012"
"TFIDF_action","452","0.003","0.013","3548","0.003","0.014"
"TFIDF_fill","452","0.001","0.007","3548","0.001","0.009"
"TFIDF_button","452","0.008","0.021","3548","0.007","0.021"
"TFIDF_appropri","452","0.001","0.007","3548","0.001","0.01"
"TFIDF_accept","452","0.001","0.007","3548","0.001","0.008"
"TFIDF_mayb","452","0.001","0.009","3548","0.001","0.006"
"TFIDF_feel","452","0.002","0.009","3548","0.002","0.009"
"TFIDF_usabl","452","0.004","0.02","3548","0.004","0.016"
"TFIDF_time","452","0.004","0.014","3548","0.004","0.011"
"TFIDF_found","452","0.002","0.01","3548","0.002","0.008"
"TFIDF_topic","452","0.001","0.009","3548","0.001","0.014"
"TFIDF_map","452","0.001","0.005","3548","0.002","0.016"
"TFIDF_solv","452","0.001","0.005","3548","0.001","0.005"
"TFIDF_share","452","0.002","0.017","3548","0.002","0.015"
"TFIDF_increas","452","0","0.004","3548","0.001","0.007"
"TFIDF_search","452","0.003","0.017","3548","0.005","0.021"
"TFIDF_common","452","0.001","0.008","3548","0.002","0.011"
"TFIDF_start","452","0.003","0.013","3548","0.002","0.01"
"TFIDF_ad","452","0.002","0.007","3548","0.001","0.007"
"TFIDF_tag","452","0.001","0.012","3548","0.002","0.018"
"TFIDF_categori","452","0.003","0.019","3548","0.002","0.013"
"TFIDF_filter","452","0.003","0.02","3548","0.001","0.012"
"TFIDF_visual","452","0.002","0.012","3548","0.002","0.009"
"TFIDF_collect","452","0.001","0.005","3548","0.001","0.007"
"TFIDF_addit","452","0.001","0.008","3548","0.001","0.01"
"TFIDF_primari","452","0.001","0.007","3548","0.001","0.01"
"TFIDF_term","452","0.002","0.01","3548","0.002","0.012"
"TFIDF_associ","452","0","0.005","3548","0.001","0.006"
"TFIDF_littl","452","0.001","0.007","3548","0.001","0.008"
"TFIDF_consist","452","0.001","0.006","3548","0.001","0.007"
"TFIDF_come","452","0.001","0.007","3548","0.001","0.007"
"TFIDF_place","452","0.002","0.012","3548","0.001","0.007"
"TFIDF_comment","452","0.004","0.032","3548","0.002","0.017"
"TFIDF_default","452","0.001","0.006","3548","0.002","0.012"
"TFIDF_probabl","452","0.001","0.005","3548","0.001","0.007"
"TFIDF_fit","452","0.001","0.005","3548","0.001","0.007"
"TFIDF_store","452","0.001","0.009","3548","0.001","0.007"
"TFIDF_your","452","0","0.002","3548","0.001","0.009"
"TFIDF_request","452","0.001","0.01","3548","0.001","0.008"
"TFIDF_app","452","0.006","0.02","3548","0.004","0.015"
"TFIDF_cant","452","0.002","0.009","3548","0.002","0.009"
"TFIDF_struggl","452","0","0.004","3548","0","0.004"
"TFIDF_abil","452","0","0.003","3548","0.001","0.005"
"TFIDF_password","452","0.002","0.015","3548","0.002","0.016"
"TFIDF_whatev","452","0","0.003","3548","0","0.004"
"TFIDF_easili","452","0.001","0.006","3548","0.001","0.006"
"TFIDF_email","452","0.003","0.018","3548","0.003","0.018"
"TFIDF_assum","452","0.001","0.005","3548","0.001","0.008"
"TFIDF_physic","452","0","0.003","3548","0.001","0.007"
"TFIDF_access","452","0.001","0.006","3548","0.001","0.01"
"TFIDF_secur","452","0","0.006","3548","0.001","0.006"
"TFIDF_total","452","0.001","0.007","3548","0.001","0.005"
"TFIDF_websit","452","0.004","0.014","3548","0.005","0.016"
"TFIDF_page","452","0.008","0.021","3548","0.007","0.019"
"TFIDF_content","452","0.002","0.011","3548","0.003","0.014"
"TFIDF_principl","452","0.001","0.012","3548","0.001","0.007"
"TFIDF_guid","452","0.001","0.014","3548","0.001","0.007"
"TFIDF_decis","452","0","0.002","3548","0.001","0.006"
"TFIDF_situat","452","0.001","0.004","3548","0.001","0.006"
"TFIDF_stai","452","0","0.004","3548","0","0.005"
"TFIDF_main","452","0.002","0.01","3548","0.002","0.009"
"TFIDF_remain","452","0.001","0.005","3548","0","0.005"
"TFIDF_posit","452","0.002","0.009","3548","0.001","0.009"
"TFIDF_rel","452","0","0","3548","0.001","0.007"
"TFIDF_hold","452","0","0.004","3548","0","0.005"
"TFIDF_mous","452","0.001","0.009","3548","0.001","0.009"
"TFIDF_bar","452","0.003","0.017","3548","0.002","0.014"
"TFIDF_major","452","0","0.004","3548","0.001","0.006"
"TFIDF_expect","452","0.002","0.019","3548","0.001","0.007"
"TFIDF_width","452","0.001","0.008","3548","0.001","0.008"
"TFIDF_middl","452","0.001","0.007","3548","0","0.005"
"TFIDF_view","452","0.005","0.019","3548","0.003","0.012"
"TFIDF_brows","452","0.001","0.01","3548","0.001","0.007"
"TFIDF_nice","452","0.001","0.005","3548","0.001","0.008"
"TFIDF_requir","452","0.003","0.011","3548","0.003","0.011"
"TFIDF_entir","452","0","0.004","3548","0.001","0.005"
"TFIDF_left","452","0.003","0.016","3548","0.002","0.011"
"TFIDF_hand","452","0.001","0.006","3548","0.001","0.008"
"TFIDF_header","452","0.001","0.011","3548","0.002","0.015"
"TFIDF_reduc","452","0","0.005","3548","0.001","0.007"
"TFIDF_vertic","452","0.002","0.015","3548","0.001","0.01"
"TFIDF_height","452","0","0.003","3548","0","0.006"
"TFIDF_insid","452","0.001","0.005","3548","0.001","0.007"
"TFIDF_differ","452","0.002","0.014","3548","0.001","0.009"
"TFIDF_compani","452","0.001","0.011","3548","0.002","0.011"
"TFIDF_googl","452","0.002","0.011","3548","0.002","0.013"
"TFIDF_code","452","0.002","0.009","3548","0.002","0.011"
"TFIDF_dynam","452","0","0.003","3548","0.001","0.006"
"TFIDF_gener","452","0.001","0.007","3548","0.001","0.008"
"TFIDF_appreci","452","0.001","0.009","3548","0.001","0.006"
"TFIDF_help","452","0.003","0.019","3548","0.002","0.011"
"TFIDF_especi","452","0.001","0.005","3548","0.001","0.007"
"TFIDF_data","452","0.005","0.018","3548","0.004","0.013"
"TFIDF_studi","452","0.002","0.014","3548","0.002","0.013"
"TFIDF_solut","452","0.002","0.01","3548","0.002","0.01"
"TFIDF_research","452","0.002","0.008","3548","0.002","0.012"
"TFIDF_sign","452","0.002","0.014","3548","0.002","0.016"
"TFIDF_recommend","452","0.002","0.019","3548","0.002","0.014"
"TFIDF_imag","452","0.004","0.021","3548","0.003","0.015"
"TFIDF_standard","452","0.003","0.014","3548","0.002","0.012"
"TFIDF_lot","452","0.001","0.006","3548","0.002","0.009"
"TFIDF_test","452","0.002","0.013","3548","0.003","0.017"
"TFIDF_do","452","0.001","0.008","3548","0.002","0.009"
"TFIDF_pictur","452","0.001","0.008","3548","0.001","0.009"
"TFIDF_disabl","452","0","0.004","3548","0.001","0.01"
"TFIDF_specif","452","0.002","0.01","3548","0.002","0.012"
"TFIDF_ill","452","0","0.003","3548","0.001","0.005"
"TFIDF_didnt","452","0.001","0.005","3548","0.001","0.005"
"TFIDF_html","452","0.002","0.017","3548","0.001","0.01"
"TFIDF_iv","452","0.002","0.009","3548","0.004","0.011"
"TFIDF_includ","452","0.001","0.007","3548","0.002","0.009"
"TFIDF_real","452","0.002","0.009","3548","0.001","0.007"
"TFIDF_size","452","0.002","0.013","3548","0.002","0.014"
"TFIDF_version","452","0.002","0.01","3548","0.002","0.013"
"TFIDF_item","452","0.004","0.019","3548","0.004","0.019"
"TFIDF_complet","452","0.001","0.007","3548","0.002","0.01"
"TFIDF_moment","452","0.001","0.006","3548","0.001","0.006"
"TFIDF_click","452","0.004","0.014","3548","0.004","0.012"
"TFIDF_trigger","452","0","0.005","3548","0","0.005"
"TFIDF_call","452","0.002","0.012","3548","0.002","0.015"
"TFIDF_hover","452","0","0.007","3548","0.001","0.01"
"TFIDF_realiz","452","0","0.003","3548","0.001","0.006"
"TFIDF_link","452","0.004","0.015","3548","0.004","0.017"
"TFIDF_note","452","0.001","0.006","3548","0.001","0.008"
"TFIDF_bit","452","0.002","0.008","3548","0.001","0.007"
"TFIDF_origin","452","0.001","0.008","3548","0.001","0.007"
"TFIDF_possibli","452","0.001","0.006","3548","0","0.005"
"TFIDF_icon","452","0.005","0.022","3548","0.004","0.021"
"TFIDF_method","452","0.002","0.015","3548","0.002","0.01"
"TFIDF_mean","452","0.002","0.008","3548","0.002","0.009"
"TFIDF_interfac","452","0.005","0.02","3548","0.004","0.017"
"TFIDF_check","452","0.001","0.006","3548","0.001","0.011"
"TFIDF_flow","452","0","0.003","3548","0.001","0.006"
"TFIDF_wonder","452","0.003","0.013","3548","0.003","0.012"
"TFIDF_instanc","452","0.001","0.006","3548","0.001","0.008"
"TFIDF_regard","452","0","0.006","3548","0.001","0.006"
"TFIDF_process","452","0.002","0.01","3548","0.002","0.01"
"TFIDF_peopl","452","0.004","0.013","3548","0.004","0.014"
"TFIDF_agre","452","0","0.003","3548","0.001","0.007"
"TFIDF_prefer","452","0.002","0.01","3548","0.002","0.01"
"TFIDF_tip","452","0.001","0.008","3548","0.001","0.009"
"TFIDF_element","452","0.002","0.013","3548","0.003","0.014"
"TFIDF_redirect","452","0","0.002","3548","0.001","0.007"
"TFIDF_separ","452","0.001","0.007","3548","0.001","0.007"
"TFIDF_internet","452","0.001","0.007","3548","0","0.006"
"TFIDF_follow","452","0.002","0.007","3548","0.002","0.011"
"TFIDF_make","452","0.001","0.007","3548","0.002","0.009"
"TFIDF_book","452","0.002","0.013","3548","0.002","0.014"
"TFIDF_blog","452","0.001","0.014","3548","0.001","0.011"
"TFIDF_seen","452","0.001","0.007","3548","0.002","0.009"
"TFIDF_there","452","0.001","0.006","3548","0.001","0.012"
"TFIDF_resourc","452","0.001","0.012","3548","0.001","0.01"
"TFIDF_market","452","0.001","0.008","3548","0.001","0.009"
"TFIDF_etc","452","0.003","0.011","3548","0.002","0.009"
"TFIDF_registr","452","0.002","0.018","3548","0.001","0.009"
"TFIDF_idea","452","0.004","0.013","3548","0.003","0.011"
"TFIDF_subject","452","0","0.002","3548","0.001","0.008"
"TFIDF_experi","452","0.003","0.012","3548","0.004","0.013"
"TFIDF_actual","452","0.002","0.007","3548","0.002","0.009"
"TFIDF_answer","452","0.003","0.012","3548","0.002","0.01"
"TFIDF_pleas","452","0.003","0.015","3548","0.001","0.008"
"TFIDF_build","452","0.002","0.008","3548","0.002","0.01"
"TFIDF_window","452","0.004","0.02","3548","0.003","0.017"
"TFIDF_variou","452","0.001","0.006","3548","0.001","0.006"
"TFIDF_error","452","0.001","0.008","3548","0.002","0.012"
"TFIDF_fairli","452","0","0.002","3548","0.001","0.006"
"TFIDF_annoi","452","0","0.002","3548","0.001","0.006"
"TFIDF_stack","452","0.001","0.008","3548","0.001","0.006"
"TFIDF_what","452","0.001","0.01","3548","0.002","0.011"
"TFIDF_wrong","452","0","0.004","3548","0.001","0.007"
"TFIDF_happen","452","0.001","0.007","3548","0.001","0.007"
"TFIDF_pattern","452","0.002","0.014","3548","0.002","0.013"
"TFIDF_multipl","452","0.002","0.013","3548","0.002","0.009"
"TFIDF_messag","452","0.002","0.015","3548","0.003","0.016"
"TFIDF_implement","452","0.002","0.009","3548","0.002","0.009"
"TFIDF_depend","452","0.001","0.013","3548","0.001","0.007"
"TFIDF_set","452","0.003","0.013","3548","0.003","0.011"
"TFIDF_displai","452","0.004","0.013","3548","0.004","0.013"
"TFIDF_input","452","0.001","0.009","3548","0.003","0.013"
"TFIDF_previou","452","0.001","0.009","3548","0.001","0.008"
"TFIDF_support","452","0.001","0.007","3548","0.001","0.009"
"TFIDF_hide","452","0.001","0.01","3548","0.001","0.009"
"TFIDF_stuff","452","0.001","0.005","3548","0.001","0.006"
"TFIDF_menu","452","0.003","0.018","3548","0.004","0.02"
"TFIDF_navig","452","0.003","0.015","3548","0.003","0.014"
"TFIDF_screen","452","0.004","0.015","3548","0.003","0.012"
"TFIDF_type","452","0.002","0.009","3548","0.003","0.011"
"TFIDF_keyboard","452","0.001","0.01","3548","0.002","0.014"
"TFIDF_focu","452","0.001","0.014","3548","0.001","0.007"
"TFIDF_choic","452","0.001","0.011","3548","0.002","0.011"
"TFIDF_usual","452","0.001","0.008","3548","0.002","0.009"
"TFIDF_project","452","0.003","0.019","3548","0.002","0.012"
"TFIDF_suppos","452","0.001","0.011","3548","0.001","0.008"
"TFIDF_system","452","0.002","0.009","3548","0.003","0.011"
"TFIDF_track","452","0.001","0.007","3548","0.001","0.007"
"TFIDF_hierarchi","452","0","0.001","3548","0.001","0.008"
"TFIDF_defin","452","0.001","0.008","3548","0.001","0.007"
"TFIDF_believ","452","0.001","0.005","3548","0.001","0.007"
"TFIDF_think","452","0.002","0.009","3548","0.002","0.008"
"TFIDF_object","452","0.002","0.013","3548","0.001","0.011"
"TFIDF_perspect","452","0","0.005","3548","0.001","0.006"
"TFIDF_tree","452","0.001","0.007","3548","0.001","0.013"
"TFIDF_select","452","0.004","0.014","3548","0.004","0.016"
"TFIDF_exist","452","0.001","0.007","3548","0.002","0.009"
"TFIDF_creat","452","0.004","0.013","3548","0.003","0.011"
"TFIDF_copi","452","0","0.005","3548","0.001","0.007"
"TFIDF_onlin","452","0.001","0.008","3548","0.001","0.008"
"TFIDF_date","452","0.002","0.016","3548","0.002","0.014"
"TFIDF_servic","452","0.002","0.011","3548","0.002","0.011"
"TFIDF_task","452","0.001","0.009","3548","0.002","0.011"
"TFIDF_account","452","0.002","0.015","3548","0.002","0.012"
"TFIDF_interact","452","0.002","0.01","3548","0.002","0.012"
"TFIDF_databas","452","0.002","0.013","3548","0.001","0.005"
"TFIDF_enabl","452","0.001","0.006","3548","0.001","0.01"
"TFIDF_notic","452","0","0.004","3548","0.001","0.008"
"TFIDF_altern","452","0.002","0.012","3548","0.001","0.009"
"TFIDF_weve","452","0","0.004","3548","0.001","0.006"
"TFIDF_log","452","0.003","0.021","3548","0.001","0.011"
"TFIDF_immedi","452","0.001","0.007","3548","0.001","0.006"
"TFIDF_tabl","452","0.003","0.016","3548","0.002","0.014"
"TFIDF_row","452","0.004","0.019","3548","0.002","0.013"
"TFIDF_contain","452","0.002","0.008","3548","0.002","0.008"
"TFIDF_name","452","0.004","0.022","3548","0.003","0.017"
"TFIDF_indic","452","0.002","0.008","3548","0.002","0.011"
"TFIDF_piec","452","0","0.002","3548","0.001","0.005"
"TFIDF_add","452","0.004","0.018","3548","0.002","0.009"
"TFIDF_abl","452","0.001","0.006","3548","0.002","0.009"
"TFIDF_quickli","452","0","0.005","3548","0.001","0.006"
"TFIDF_determin","452","0","0.004","3548","0.001","0.007"
"TFIDF_updat","452","0.002","0.009","3548","0.002","0.01"
"TFIDF_word","452","0.001","0.008","3548","0.002","0.012"
"TFIDF_appear","452","0.002","0.007","3548","0.002","0.008"
"TFIDF_red","452","0.001","0.01","3548","0.001","0.011"
"TFIDF_green","452","0","0.004","3548","0.001","0.006"
"TFIDF_bad","452","0.001","0.01","3548","0.002","0.01"
"TFIDF_space","452","0.002","0.014","3548","0.002","0.011"
"TFIDF_context","452","0.001","0.009","3548","0.001","0.008"
"TFIDF_practic","452","0.003","0.013","3548","0.003","0.012"
"TFIDF_concern","452","0.001","0.006","3548","0.001","0.006"
"TFIDF_guidelin","452","0.001","0.011","3548","0.002","0.012"
"TFIDF_function","452","0.002","0.009","3548","0.002","0.01"
"TFIDF_allow","452","0.003","0.01","3548","0.003","0.011"
"TFIDF_languag","452","0.001","0.012","3548","0.002","0.018"
"TFIDF_screenshot","452","0.001","0.009","3548","0.001","0.008"
"TFIDF_desktop","452","0.001","0.009","3548","0.002","0.012"
"TFIDF_english","452","0.001","0.007","3548","0.001","0.008"
"TFIDF_charact","452","0.001","0.008","3548","0.001","0.017"
"TFIDF_hope","452","0.001","0.008","3548","0","0.004"
"TFIDF_con","452","0","0.004","3548","0.001","0.005"
"TFIDF_free","452","0.002","0.015","3548","0.001","0.009"
"TFIDF_record","452","0.003","0.021","3548","0.001","0.013"
"TFIDF_limit","452","0.001","0.009","3548","0.001","0.008"
"TFIDF_audienc","452","0","0.004","3548","0.001","0.007"
"TFIDF_technic","452","0.001","0.011","3548","0.001","0.006"
"TFIDF_wide","452","0.001","0.006","3548","0","0.005"
"TFIDF_connect","452","0.003","0.022","3548","0.001","0.008"
"TFIDF_articl","452","0.002","0.015","3548","0.002","0.011"
"TFIDF_tend","452","0.001","0.007","3548","0.001","0.005"
"TFIDF_softwar","452","0.001","0.008","3548","0.002","0.015"
"TFIDF_deal","452","0.001","0.01","3548","0.001","0.008"
"TFIDF_effect","452","0.001","0.008","3548","0.002","0.01"
"TFIDF_wont","452","0.001","0.005","3548","0.001","0.005"
"TFIDF_busi","452","0.002","0.011","3548","0.001","0.008"
"TFIDF_theyr","452","0","0.004","3548","0.001","0.006"
"TFIDF_purpos","452","0.001","0.005","3548","0.001","0.005"
"TFIDF_mark","452","0","0.004","3548","0.001","0.01"
"TFIDF_tell","452","0.001","0.008","3548","0.001","0.011"
"TFIDF_unless","452","0","0.004","3548","0","0.005"
"TFIDF_due","452","0.001","0.005","3548","0","0.004"
"TFIDF_format","452","0.001","0.006","3548","0.001","0.011"
"TFIDF_wouldnt","452","0","0.005","3548","0.001","0.005"
"TFIDF_sens","452","0.001","0.01","3548","0.001","0.008"
"TFIDF_doesnt","452","0.002","0.008","3548","0.002","0.008"
"TFIDF_matter","452","0.001","0.009","3548","0.001","0.007"
"TFIDF_client","452","0.002","0.012","3548","0.002","0.013"
"TFIDF_refer","452","0.001","0.007","3548","0.002","0.01"
"TFIDF_handl","452","0.001","0.005","3548","0.001","0.007"
"TFIDF_entri","452","0","0.003","3548","0.001","0.009"
"TFIDF_goe","452","0.001","0.006","3548","0.001","0.005"
"TFIDF_simpli","452","0.001","0.005","3548","0.001","0.008"
"TFIDF_that","452","0.001","0.007","3548","0.001","0.007"
"TFIDF_guess","452","0","0.003","3548","0.001","0.008"
"TFIDF_post","452","0.003","0.02","3548","0.002","0.013"
"TFIDF_detail","452","0.002","0.01","3548","0.001","0.009"
"TFIDF_rule","452","0.001","0.008","3548","0.001","0.009"
"TFIDF_own","452","0.002","0.009","3548","0.001","0.007"
"TFIDF_pretti","452","0.001","0.009","3548","0.001","0.007"
"TFIDF_job","452","0.001","0.008","3548","0.001","0.011"
"TFIDF_develop","452","0.004","0.017","3548","0.003","0.012"
"TFIDF_vari","452","0","0.001","3548","0","0.005"
"TFIDF_product","452","0.002","0.01","3548","0.003","0.015"
"TFIDF_level","452","0.002","0.01","3548","0.002","0.011"
"TFIDF_layout","452","0.003","0.012","3548","0.002","0.013"
"TFIDF_basic","452","0.002","0.01","3548","0.001","0.008"
"TFIDF_gui","452","0.003","0.016","3548","0.002","0.013"
"TFIDF_easi","452","0.001","0.006","3548","0.001","0.008"
"TFIDF_talk","452","0.001","0.011","3548","0.001","0.009"
"TFIDF_tab","452","0.004","0.028","3548","0.003","0.019"
"TFIDF_isnt","452","0.001","0.004","3548","0.001","0.007"
"TFIDF_exactli","452","0.001","0.008","3548","0.001","0.008"
"TFIDF_hidden","452","0.001","0.006","3548","0.001","0.005"
"TFIDF_advanc","452","0","0.004","3548","0.001","0.007"
"TFIDF_anywai","452","0","0.005","3548","0","0.005"
"TFIDF_touch","452","0","0.004","3548","0.001","0.012"
"TFIDF_configur","452","0.001","0.01","3548","0.001","0.009"
"TFIDF_drag","452","0","0.004","3548","0.001","0.009"
"TFIDF_empti","452","0.001","0.006","3548","0.001","0.009"
"TFIDF_column","452","0.003","0.028","3548","0.002","0.016"
"TFIDF_line","452","0.003","0.017","3548","0.001","0.009"
"TFIDF_duplic","452","0.005","0.024","3548","0.002","0.011"
"TFIDF_box","452","0.002","0.01","3548","0.003","0.014"
"TFIDF_horizont","452","0.001","0.011","3548","0.001","0.012"
"TFIDF_coupl","452","0","0.004","3548","0.001","0.005"
"TFIDF_dai","452","0.001","0.01","3548","0.002","0.011"
"TFIDF_modal","452","0.001","0.007","3548","0.001","0.011"
"TFIDF_obvious","452","0.001","0.005","3548","0.001","0.005"
"TFIDF_rememb","452","0.001","0.01","3548","0.001","0.007"
"TFIDF_plai","452","0","0.004","3548","0.001","0.01"
"TFIDF_singl","452","0.002","0.014","3548","0.001","0.008"
"TFIDF_toggl","452","0.001","0.009","3548","0.001","0.009"
"TFIDF_press","452","0","0.003","3548","0.001","0.007"
"TFIDF_video","452","0.002","0.019","3548","0.002","0.015"
"TFIDF_argument","452","0.001","0.006","3548","0.001","0.01"
"TFIDF_oper","452","0","0.005","3548","0.001","0.009"
"TFIDF_iphon","452","0.004","0.025","3548","0.002","0.015"
"TFIDF_close","452","0.003","0.016","3548","0.002","0.011"
"TFIDF_scenario","452","0.002","0.012","3548","0.001","0.007"
"TFIDF_advantag","452","0.001","0.006","3548","0.001","0.006"
"TFIDF_social","452","0.003","0.018","3548","0.001","0.012"
"TFIDF_ideal","452","0.001","0.007","3548","0.001","0.007"
"TFIDF_pro","452","0","0.004","3548","0.001","0.007"
"TFIDF_combin","452","0.001","0.008","3548","0.001","0.006"
"TFIDF_widget","452","0.003","0.023","3548","0.001","0.013"
"TFIDF_avail","452","0.001","0.009","3548","0.002","0.009"
"TFIDF_benefit","452","0","0.004","3548","0.001","0.008"
"TFIDF_minim","452","0.001","0.012","3548","0","0.005"
"TFIDF_activ","452","0.002","0.013","3548","0.001","0.012"
"TFIDF_short","452","0.001","0.009","3548","0.001","0.007"
"TFIDF_prevent","452","0","0.003","3548","0.001","0.007"
"TFIDF_enter","452","0.003","0.015","3548","0.002","0.012"
"TFIDF_structur","452","0.001","0.011","3548","0.001","0.01"
"TFIDF_phone","452","0.002","0.013","3548","0.002","0.013"
"TFIDF_event","452","0.001","0.007","3548","0.001","0.012"
"TFIDF_reach","452","0.001","0.006","3548","0","0.005"
"TFIDF_draw","452","0.001","0.012","3548","0.001","0.009"
"TFIDF_involv","452","0","0.004","3548","0.001","0.006"
"TFIDF_amount","452","0.001","0.011","3548","0.001","0.008"
"TFIDF_troubl","452","0","0.003","3548","0","0.006"
"TFIDF_maintain","452","0","0","3548","0","0.004"
"TFIDF_choos","452","0.001","0.004","3548","0.002","0.009"
"TFIDF_tooltip","452","0.001","0.018","3548","0.001","0.008"
"TFIDF_label","452","0.002","0.013","3548","0.002","0.015"
"TFIDF_commun","452","0.001","0.007","3548","0.001","0.008"
"TFIDF_info","452","0.001","0.012","3548","0.001","0.006"
"TFIDF_lead","452","0.001","0.016","3548","0.001","0.006"
"TFIDF_background","452","0.001","0.007","3548","0.001","0.011"
"TFIDF_android","452","0.002","0.014","3548","0.002","0.014"
"TFIDF_pop","452","0.001","0.009","3548","0.001","0.008"
"TFIDF_sort","452","0.003","0.016","3548","0.002","0.011"
"TFIDF_typic","452","0.001","0.006","3548","0.001","0.006"
"TFIDF_awar","452","0.001","0.007","3548","0.001","0.007"
"TFIDF_bring","452","0","0.003","3548","0.001","0.005"
"TFIDF_replac","452","0.001","0.016","3548","0.001","0.005"
"TFIDF_consider","452","0","0.004","3548","0","0.006"
"TFIDF_arent","452","0","0.004","3548","0.001","0.006"
"TFIDF_mention","452","0.001","0.006","3548","0.001","0.007"
"TFIDF_manual","452","0.001","0.006","3548","0","0.004"
"TFIDF_mode","452","0","0.003","3548","0.001","0.009"
"TFIDF_particular","452","0.001","0.008","3548","0.001","0.007"
"TFIDF_push","452","0","0.001","3548","0","0.005"
"TFIDF_final","452","0.001","0.007","3548","0.001","0.006"
"TFIDF_imagin","452","0","0.003","3548","0.001","0.005"
"TFIDF_plan","452","0.001","0.007","3548","0.001","0.008"
"TFIDF_rate","452","0.001","0.011","3548","0.001","0.015"
"TFIDF_introduc","452","0","0.003","3548","0.001","0.005"
"TFIDF_advic","452","0.001","0.007","3548","0.001","0.007"
"TFIDF_measur","452","0","0.003","3548","0.001","0.008"
"TFIDF_affect","452","0","0.004","3548","0.001","0.009"
"TFIDF_report","452","0.003","0.02","3548","0.001","0.011"
"TFIDF_regist","452","0.001","0.009","3548","0.001","0.01"
"TFIDF_document","452","0.002","0.016","3548","0.002","0.016"
"TFIDF_save","452","0.003","0.02","3548","0.002","0.013"
"TFIDF_step","452","0.003","0.023","3548","0.002","0.015"
"TFIDF_improv","452","0.002","0.014","3548","0.001","0.009"
"TFIDF_understand","452","0.001","0.007","3548","0.002","0.008"
"TFIDF_leav","452","0.001","0.005","3548","0.001","0.006"
"TFIDF_shown","452","0.001","0.007","3548","0.001","0.008"
"TFIDF_discuss","452","0.001","0.004","3548","0.001","0.009"
"TFIDF_familiar","452","0","0.004","3548","0.001","0.005"
"TFIDF_figur","452","0.001","0.005","3548","0.001","0.007"
"TFIDF_quick","452","0","0.005","3548","0.001","0.007"
"TFIDF_titl","452","0.002","0.016","3548","0.002","0.018"
"TFIDF_convent","452","0","0.005","3548","0.001","0.011"
"TFIDF_confus","452","0.002","0.011","3548","0.001","0.007"
"TFIDF_direct","452","0.001","0.007","3548","0.001","0.008"
"TFIDF_begin","452","0","0.006","3548","0","0.005"
"TFIDF_ye","452","0","0.004","3548","0.001","0.007"
"TFIDF_write","452","0.001","0.005","3548","0.001","0.01"
"TFIDF_take","452","0.001","0.008","3548","0.001","0.007"
"TFIDF_profil","452","0.001","0.011","3548","0.001","0.01"
"TFIDF_pai","452","0","0.005","3548","0","0.005"
"TFIDF_payment","452","0","0.004","3548","0","0.008"
"TFIDF_attach","452","0.001","0.006","3548","0","0.006"
"TFIDF_split","452","0.001","0.007","3548","0.001","0.005"
"TFIDF_url","452","0","0.004","3548","0.001","0.014"
"TFIDF_login","452","0","0.006","3548","0.001","0.013"
"TFIDF_similar","452","0.001","0.005","3548","0.002","0.008"
"TFIDF_complex","452","0.001","0.004","3548","0.001","0.008"
"TFIDF_aspect","452","0","0.002","3548","0.001","0.006"
"TFIDF_offer","452","0.001","0.009","3548","0.001","0.007"
"TFIDF_descript","452","0","0.007","3548","0.001","0.007"
"TFIDF_popup","452","0.001","0.012","3548","0.001","0.01"
"TFIDF_clutter","452","0.001","0.006","3548","0.001","0.008"
"TFIDF_optim","452","0","0.006","3548","0.001","0.006"
"TFIDF_obviou","452","0.001","0.005","3548","0.001","0.008"
"TFIDF_engin","452","0","0.005","3548","0.001","0.007"
"TFIDF_feedback","452","0.002","0.013","3548","0.001","0.011"
"TFIDF_send","452","0.001","0.008","3548","0.001","0.007"
"TFIDF_contact","452","0.001","0.006","3548","0.001","0.009"
"TFIDF_except","452","0.001","0.006","3548","0.001","0.006"
"TFIDF_learn","452","0.001","0.01","3548","0.001","0.01"
"TFIDF_world","452","0.001","0.008","3548","0.001","0.007"
"TFIDF_special","452","0.001","0.008","3548","0","0.007"
"TFIDF_somehow","452","0","0.005","3548","0","0.004"
"TFIDF_relat","452","0.002","0.01","3548","0.001","0.007"
"TFIDF_symbol","452","0.001","0.012","3548","0.001","0.013"
"TFIDF_clickabl","452","0","0.003","3548","0.001","0.009"
"TFIDF_cours","452","0.001","0.005","3548","0.001","0.007"
"TFIDF_keep","452","0.001","0.005","3548","0","0.006"
"TFIDF_mind","452","0.002","0.009","3548","0.001","0.01"
"TFIDF_queri","452","0.001","0.01","3548","0.001","0.006"
"TFIDF_simpl","452","0.003","0.013","3548","0.002","0.008"
"TFIDF_continu","452","0.001","0.004","3548","0.001","0.006"
"TFIDF_prompt","452","0.001","0.007","3548","0","0.004"
"TFIDF_tool","452","0.003","0.022","3548","0.002","0.015"
"TFIDF_checkbox","452","0.001","0.007","3548","0.002","0.014"
"TFIDF_possibl","452","0.001","0.005","3548","0.001","0.005"
"TFIDF_extra","452","0.001","0.006","3548","0.001","0.007"
"TFIDF_head","452","0.001","0.006","3548","0.001","0.009"
"TFIDF_directli","452","0","0.001","3548","0.001","0.005"
"TFIDF_dialog","452","0.001","0.009","3548","0.002","0.013"
"TFIDF_corner","452","0.001","0.012","3548","0.001","0.007"
"TFIDF_bottom","452","0.002","0.011","3548","0.001","0.009"
"TFIDF_outsid","452","0","0.004","3548","0","0.004"
"TFIDF_kei","452","0.001","0.008","3548","0.001","0.01"
"TFIDF_valu","452","0.002","0.01","3548","0.002","0.014"
"TFIDF_recent","452","0.001","0.005","3548","0.001","0.006"
"TFIDF_ey","452","0","0.002","3548","0.001","0.009"
"TFIDF_mockup","452","0.002","0.02","3548","0.001","0.008"
"TFIDF_highlight","452","0.001","0.009","3548","0.001","0.01"
"TFIDF_dashboard","452","0","0.004","3548","0.001","0.011"
"TFIDF_finish","452","0","0.004","3548","0","0.006"
"TFIDF_logo","452","0.001","0.012","3548","0.001","0.01"
"TFIDF_behavior","452","0.001","0.006","3548","0.001","0.007"
"TFIDF_platform","452","0.002","0.013","3548","0.001","0.008"
"TFIDF_twitter","452","0.001","0.01","3548","0.001","0.009"
"TFIDF_facebook","452","0.003","0.017","3548","0.002","0.02"
"TFIDF_curiou","452","0.001","0.012","3548","0.001","0.008"
"TFIDF_locat","452","0.001","0.008","3548","0.002","0.012"
"TFIDF_live","452","0.001","0.013","3548","0.001","0.006"
"TFIDF_devic","452","0.003","0.015","3548","0.002","0.01"
"TFIDF_submit","452","0.002","0.014","3548","0.001","0.01"
"TFIDF_worri","452","0.001","0.006","3548","0","0.005"
"TFIDF_rest","452","0.001","0.005","3548","0.001","0.005"
"TFIDF_individu","452","0.001","0.005","3548","0.001","0.006"
"TFIDF_see","452","0.001","0.006","3548","0.001","0.005"
"TFIDF_expand","452","0.001","0.01","3548","0.001","0.007"
"TFIDF_respons","452","0.001","0.013","3548","0.001","0.007"
"TFIDF_thank","452","0.001","0.018","3548","0.001","0.005"
"TFIDF_upload","452","0.001","0.014","3548","0.001","0.012"
"TFIDF_built","452","0","0.003","3548","0.001","0.006"
"TFIDF_break","452","0.001","0.007","3548","0.001","0.006"
"TFIDF_sourc","452","0.001","0.007","3548","0.002","0.009"
"TFIDF_model","452","0.001","0.011","3548","0.001","0.009"
"TFIDF_io","452","0.001","0.011","3548","0.001","0.015"
"TFIDF_graphic","452","0.001","0.01","3548","0.001","0.011"
"TFIDF_specifi","452","0.001","0.008","3548","0","0.006"
"TFIDF_repres","452","0.002","0.013","3548","0.001","0.01"
"TFIDF_intend","452","0","0.003","3548","0","0.004"
"TFIDF_past","452","0.001","0.007","3548","0.001","0.007"
"TFIDF_remov","452","0.001","0.007","3548","0.001","0.008"
"TFIDF_opinion","452","0.001","0.006","3548","0.001","0.008"
"TFIDF_appl","452","0.001","0.012","3548","0.001","0.011"
"TFIDF_front","452","0.001","0.016","3548","0.001","0.007"
"TFIDF_game","452","0.002","0.021","3548","0.001","0.013"
"TFIDF_hear","452","0","0.005","3548","0.001","0.007"
"TFIDF_here","452","0.001","0.007","3548","0.001","0.005"
"TFIDF_get","452","0.001","0.005","3548","0.001","0.006"
"TFIDF_wait","452","0","0.004","3548","0.001","0.008"
"TFIDF_team","452","0.002","0.014","3548","0.001","0.011"
"TFIDF_organ","452","0.001","0.009","3548","0.001","0.007"
"TFIDF_ignor","452","0","0.005","3548","0","0.004"
"TFIDF_success","452","0","0.006","3548","0.001","0.008"
"TFIDF_notif","452","0.002","0.017","3548","0.001","0.012"
"TFIDF_difficult","452","0","0.004","3548","0.001","0.006"
"TFIDF_besid","452","0","0.002","3548","0.001","0.006"
"TFIDF_photo","452","0.001","0.009","3548","0.001","0.01"
"TFIDF_anim","452","0.002","0.016","3548","0.001","0.011"
"TFIDF_workflow","452","0","0.004","3548","0","0.004"
"TFIDF_admin","452","0","0.002","3548","0.001","0.007"
"TFIDF_face","452","0","0.004","3548","0","0.005"
"TFIDF_redesign","452","0.001","0.009","3548","0.001","0.008"
"TFIDF_download","452","0.001","0.006","3548","0.001","0.009"
"TFIDF_futur","452","0","0.006","3548","0.001","0.007"
"TFIDF_regular","452","0","0.001","3548","0.001","0.006"
"TFIDF_convers","452","0.001","0.006","3548","0.001","0.007"
"TFIDF_brand","452","0","0.005","3548","0.001","0.007"
"TFIDF_colour","452","0.001","0.007","3548","0.001","0.01"
"TFIDF_overal","452","0","0.004","3548","0.001","0.006"
"TFIDF_style","452","0.003","0.015","3548","0.002","0.011"
"TFIDF_frustrat","452","0","0.005","3548","0","0.004"
"TFIDF_address","452","0.002","0.014","3548","0.002","0.013"
"TFIDF_via","452","0.001","0.011","3548","0.001","0.005"
"TFIDF_switch","452","0.001","0.007","3548","0.001","0.009"
"TFIDF_third","452","0","0.004","3548","0","0.004"
"TFIDF_panel","452","0.001","0.01","3548","0.001","0.011"
"TFIDF_visibl","452","0","0.004","3548","0.001","0.007"
"TFIDF_logic","452","0","0.004","3548","0.001","0.006"
"TFIDF_potenti","452","0.001","0.005","3548","0.001","0.006"
"TFIDF_themselv","452","0","0.003","3548","0","0.004"
"TFIDF_toward","452","0.001","0.006","3548","0","0.005"
"TFIDF_relev","452","0","0.003","3548","0.001","0.007"
"TFIDF_week","452","0.001","0.011","3548","0.001","0.009"
"TFIDF_match","452","0","0.002","3548","0.001","0.005"
"TFIDF_radio","452","0.001","0.006","3548","0.001","0.01"
"TFIDF_andor","452","0","0.003","3548","0.001","0.006"
"TFIDF_focus","452","0","0.004","3548","0.001","0.006"
"TFIDF_behaviour","452","0.001","0.008","3548","0","0.005"
"TFIDF_balsamiq","452","0.001","0.019","3548","0.001","0.007"
"TFIDF_describ","452","0","0.004","3548","0.001","0.005"
"TFIDF_arrow","452","0.001","0.006","3548","0.001","0.012"
"TFIDF_huge","452","0.001","0.013","3548","0","0.005"
"TFIDF_grid","452","0.003","0.018","3548","0.001","0.008"
"TFIDF_convei","452","0","0.006","3548","0.001","0.006"
"TFIDF_bui","452","0","0.004","3548","0.001","0.008"
"TFIDF_fail","452","0","0.001","3548","0","0.006"
"TFIDF_welcom","452","0","0.003","3548","0.001","0.006"
"TFIDF_couldnt","452","0","0.006","3548","0.001","0.009"
"TFIDF_forc","452","0.001","0.005","3548","0.001","0.006"
"TFIDF_larger","452","0","0.002","3548","0","0.004"
"TFIDF_nav","452","0.001","0.017","3548","0","0.006"
"TFIDF_els","452","0.002","0.01","3548","0.001","0.007"
"TFIDF_rang","452","0.001","0.011","3548","0.001","0.007"
"TFIDF_sometim","452","0.001","0.006","3548","0.001","0.008"
"TFIDF_month","452","0.001","0.011","3548","0.001","0.011"
"TFIDF_identifi","452","0","0.003","3548","0.001","0.006"
"TFIDF_miss","452","0.001","0.006","3548","0.001","0.005"
"TFIDF_none","452","0","0.001","3548","0","0.005"
"TFIDF_correct","452","0.001","0.005","3548","0.001","0.006"
"TFIDF_visit","452","0.001","0.009","3548","0.001","0.008"
"TFIDF_avoid","452","0.001","0.008","3548","0.001","0.008"
"TFIDF_on","452","0.001","0.005","3548","0.001","0.007"
"TFIDF_price","452","0.001","0.009","3548","0.001","0.012"
"TFIDF_digit","452","0","0.005","3548","0","0.006"
"TFIDF_human","452","0","0.009","3548","0.001","0.007"
"TFIDF_attempt","452","0","0.004","3548","0","0.006"
"TFIDF_compon","452","0","0.002","3548","0.001","0.01"
"TFIDF_forward","452","0","0.006","3548","0.001","0.006"
"TFIDF_tradit","452","0","0.004","3548","0.001","0.006"
"TFIDF_scale","452","0.001","0.005","3548","0.001","0.008"
"TFIDF_center","452","0.001","0.007","3548","0.001","0.006"
"TFIDF_align","452","0.001","0.013","3548","0.001","0.013"
"TFIDF_hit","452","0.001","0.006","3548","0.001","0.006"
"TFIDF_definit","452","0.001","0.006","3548","0.001","0.006"
"TFIDF_readabl","452","0.002","0.015","3548","0.001","0.012"
"TFIDF_neg","452","0","0.002","3548","0.001","0.006"
"TFIDF_intern","452","0.001","0.006","3548","0.001","0.007"
"TFIDF_chart","452","0.001","0.008","3548","0.001","0.011"
"TFIDF_prototyp","452","0.002","0.025","3548","0.001","0.015"
"TFIDF_home","452","0.001","0.009","3548","0.001","0.008"
"TFIDF_local","452","0","0.004","3548","0.001","0.007"
"TFIDF_expert","452","0","0.003","3548","0.001","0.007"
"TFIDF_love","452","0.001","0.005","3548","0.001","0.008"
"TFIDF_confirm","452","0.001","0.009","3548","0.001","0.009"
"TFIDF_fine","452","0","0.004","3548","0","0.005"
"TFIDF_sound","452","0","0.003","3548","0.001","0.008"
"TFIDF_return","452","0.001","0.008","3548","0.001","0.006"
"TFIDF_minut","452","0.001","0.011","3548","0","0.004"
"TFIDF_hour","452","0.001","0.008","3548","0","0.006"
"TFIDF_put","452","0","0.005","3548","0.001","0.008"
"TFIDF_parent","452","0.001","0.013","3548","0.001","0.007"
"TFIDF_explor","452","0.001","0.007","3548","0","0.006"
"TFIDF_impact","452","0","0.002","3548","0","0.006"
"TFIDF_automat","452","0.001","0.006","3548","0.001","0.008"
"TFIDF_tablet","452","0.001","0.014","3548","0.001","0.011"
"TFIDF_tap","452","0.001","0.01","3548","0.001","0.007"
"TFIDF_server","452","0.001","0.008","3548","0.001","0.007"
"TFIDF_popular","452","0.001","0.007","3548","0.001","0.008"
"TFIDF_nativ","452","0.001","0.012","3548","0","0.006"
"TFIDF_occur","452","0.001","0.008","3548","0","0.009"
"TFIDF_receiv","452","0.001","0.011","3548","0.001","0.005"
"TFIDF_survei","452","0.001","0.008","3548","0.001","0.008"
"TFIDF_desir","452","0","0.003","3548","0","0.003"
"TFIDF_wirefram","452","0.001","0.01","3548","0.002","0.013"
"TFIDF_explain","452","0.001","0.005","3548","0.001","0.007"
"TFIDF_goal","452","0","0.006","3548","0.001","0.006"
"TFIDF_assign","452","0.001","0.005","3548","0.001","0.008"
"TFIDF_statu","452","0.001","0.008","3548","0.001","0.007"
"TFIDF_sai","452","0.001","0.007","3548","0.001","0.006"
"TFIDF_section","452","0.001","0.009","3548","0.001","0.01"
"TFIDF_factor","452","0","0.006","3548","0.001","0.01"
"TFIDF_challeng","452","0.001","0.006","3548","0.001","0.006"
"TFIDF_accord","452","0.001","0.005","3548","0","0.005"
"TFIDF_land","452","0","0.005","3548","0","0.007"
"TFIDF_achiev","452","0.001","0.012","3548","0.001","0.005"
"TFIDF_propos","452","0","0.002","3548","0.001","0.009"
"TFIDF_give","452","0","0.002","3548","0.001","0.006"
"TFIDF_slide","452","0.001","0.012","3548","0.001","0.009"
"TFIDF_care","452","0.001","0.012","3548","0.001","0.008"
"TFIDF_homepag","452","0","0.003","3548","0.001","0.011"
"TFIDF_review","452","0.001","0.013","3548","0.001","0.009"
"TFIDF_blue","452","0","0.002","3548","0.001","0.009"
"TFIDF_concept","452","0.001","0.005","3548","0.001","0.007"
"TFIDF_card","452","0","0.006","3548","0.001","0.009"
"TFIDF_materi","452","0","0.002","3548","0","0.004"
"TFIDF_purchas","452","0","0.005","3548","0.001","0.007"
"TFIDF_comput","452","0.001","0.007","3548","0.001","0.009"
"TFIDF_shouldnt","452","0","0.002","3548","0","0.004"
"TFIDF_sent","452","0","0.001","3548","0","0.004"
"TFIDF_attent","452","0","0.002","3548","0.001","0.007"
"TFIDF_find","452","0.001","0.007","3548","0.001","0.006"
"TFIDF_light","452","0","0.002","3548","0.001","0.007"
"TFIDF_insight","452","0","0.004","3548","0.001","0.007"
"TFIDF_natur","452","0","0.004","3548","0.001","0.006"
"TFIDF_cover","452","0","0.003","3548","0.001","0.005"
"TFIDF_compar","452","0.001","0.006","3548","0.001","0.008"
"TFIDF_illustr","452","0.001","0.013","3548","0","0.007"
"TFIDF_uniqu","452","0.001","0.013","3548","0","0.005"
"TFIDF_slider","452","0.001","0.007","3548","0.001","0.009"
"TFIDF_friendli","452","0.002","0.011","3548","0.001","0.006"
"TFIDF_modifi","452","0","0.003","3548","0","0.005"
"TFIDF_essenti","452","0","0.003","3548","0","0.004"
"TFIDF_network","452","0.001","0.01","3548","0.001","0.007"
"TFIDF_block","452","0.001","0.012","3548","0","0.006"
"TFIDF_bmml","452","0","0.004","3548","0.001","0.007"
